time,acc x,acc y, acc z,gyro x, gyro y,gyro z
3033,-27,-46,990,70,210,-140
3133,-26,-47,989,140,210,-140
3234,-27,-47,987,70,210,-210
3334,-26,-46,988,70,140,-140
3433,-27,-46,988,70,280,-140
3534,-27,-46,989,70,210,-210
3633,-27,-46,989,70,280,-140
3733,-27,-46,990,70,140,-140
3834,-26,-46,989,140,210,-140
3933,-27,-47,989,70,210,-140
4033,-26,-46,990,70,210,-140
4134,-27,-45,990,140,210,-140
4233,-26,-46,990,140,280,-140
4333,-27,-46,990,70,210,-140
4434,-26,-46,990,70,280,-140
4533,-27,-46,989,140,210,-210
4633,-27,-46,989,140,210,-140
4734,-27,-46,990,140,210,-210
4833,-27,-46,989,140,280,-140
4933,-26,-46,989,70,210,-140
5034,-26,-46,989,70,140,-210
5134,-27,-46,989,0,280,-210
5233,-26,-46,989,70,210,-140
5334,-27,-45,990,70,280,-140
5434,-27,-45,991,140,140,-140
5533,-26,-45,990,0,280,-140
5634,-27,-47,991,140,210,-210
5734,-26,-46,990,0,210,-140
5833,-27,-47,989,140,70,-210
5934,-27,-46,989,140,280,-140
6033,-27,-46,990,140,140,-140
6133,-27,-46,990,70,280,-140
6234,-26,-46,989,70,140,-140
6333,-27,-46,989,140,210,-140
6433,-26,-46,989,140,140,-140
6534,-27,-46,989,70,210,-140
6633,-27,-47,990,70,210,-140
6733,-26,-46,990,70,210,-70
6834,-26,-47,990,140,140,-140
6933,-26,-46,989,70,210,-140
7034,-27,-46,989,0,210,-210
7134,-26,-46,990,140,210,-210
7233,-27,-46,990,140,210,-140
7334,-26,-46,989,140,210,-140
7433,-26,-46,990,140,280,-140
7533,-27,-46,990,70,210,-140
7634,-27,-46,988,140,210,-140
7733,-26,-47,989,140,140,-140
7833,-26,-46,989,140,280,-140
7934,-26,-46,989,70,210,-140
8033,-27,-46,990,140,210,-140
8133,-26,-46,989,70,210,-210
8234,-26,-47,989,70,210,-140
8333,-26,-45,990,70,210,-210
8433,-26,-46,991,140,210,-140
8534,-27,-46,990,70,210,-140
8633,-27,-46,989,140,210,-140
8733,-26,-46,989,140,210,-140
8834,-26,-46,989,140,140,-210
8933,-27,-47,989,210,210,-140
9034,-26,-46,989,140,210,-140
9134,-26,-46,990,140,210,-140
9233,-27,-46,990,70,210,-140
9334,-27,-47,989,140,140,-140
9434,-27,-46,989,70,210,-140
9533,-26,-46,988,70,140,-140
9634,-26,-46,990,70,280,-210
9733,-27,-46,990,70,140,-140
9833,-25,-45,990,70,210,-140
9934,-27,-46,990,70,210,-140
10033,-26,-47,989,140,210,-210
10133,-27,-46,990,140,210,-140
10234,-27,-46,989,210,210,-210
10333,-26,-45,990,140,210,-70
10434,-27,-46,990,140,210,-140
10534,-27,-47,989,70,210,-210
10633,-26,-47,990,70,210,-140
10734,-27,-46,989,70,210,-140
10834,-27,-46,988,140,280,-140
10933,-26,-46,990,140,140,-210
11034,-26,-46,990,70,210,-210
11133,-27,-47,990,70,210,-140
11233,-27,-46,990,70,280,-140
11334,-27,-45,990,140,210,-140
11433,-27,-47,990,140,210,-70
11533,-26,-45,989,70,210,-140
11634,-26,-46,990,70,280,-140
11733,-26,-46,988,70,140,-140
11834,-27,-46,989,70,210,-140
11934,-26,-47,989,70,280,-140
12033,-27,-45,988,70,140,-70
12134,-27,-46,989,70,210,-140
12234,-26,-46,990,140,210,-140
12333,-27,-47,989,70,280,-210
12434,-26,-46,989,70,210,-140
12533,-26,-46,989,70,210,-140
12633,-26,-46,990,70,140,-140
12734,-26,-46,990,140,210,-140
12833,-27,-46,990,140,140,-140
12933,-27,-46,988,140,280,-140
13034,-27,-47,988,70,70,-140
13133,-27,-46,989,70,280,-140
13234,-27,-46,988,140,210,-210
13334,-26,-46,990,140,210,-140
13433,-27,-46,989,70,210,-210
13534,-27,-46,989,140,210,-140
13633,-27,-46,990,140,140,-140
13733,-27,-46,989,70,210,-140
13834,-27,-46,990,70,280,-140
13933,-26,-46,989,140,210,-210
14033,-27,-46,989,140,210,-140
14134,-26,-46,990,70,210,-140
14233,-27,-46,989,70,280,-140
14334,-26,-46,990,70,210,-140
14434,-26,-46,990,140,210,-140
14533,-26,-47,989,70,210,-140
14634,-27,-46,989,140,140,-140
14733,-26,-46,989,70,210,-140
14833,-26,-46,989,70,210,-140
14934,-26,-46,988,140,140,-140
15033,-27,-46,989,70,210,-140
15133,-26,-46,990,70,210,-140
15234,-27,-46,989,140,210,-140
15333,-27,-46,990,70,280,-210
15434,-27,-46,989,70,140,-210
15534,-26,-46,989,70,210,-140
15633,-26,-46,990,70,210,-140
15734,-26,-47,989,70,210,-140
15833,-27,-47,990,70,210,-140
15933,-26,-46,988,70,210,-140
16034,-27,-47,990,70,210,-140
16133,-26,-46,989,70,140,-210
16233,-27,-46,989,140,140,-210
16334,-27,-47,989,70,210,-140
16433,-27,-46,989,140,210,-140
16534,-26,-46,990,70,280,-210
16634,-27,-47,989,140,210,-140
16733,-27,-46,991,140,210,-210
16834,-26,-46,990,70,210,-140
16933,-26,-46,990,70,280,-140
17033,-26,-47,989,140,140,-210
17134,-27,-46,989,70,210,-140
17233,-26,-46,989,140,140,-140
17333,-26,-46,990,140,350,-140
17434,-26,-46,991,70,140,-140
17533,-26,-46,990,140,210,-140
17633,-27,-46,989,70,280,-140
17734,-27,-46,989,70,280,-140
17833,-26,-46,989,140,140,-140
17934,-26,-47,991,140,210,-140
18034,-27,-46,989,140,140,-140
18133,-27,-46,989,140,210,-140
18234,-27,-46,989,140,210,-140
18333,-27,-46,989,70,210,-210
18433,-27,-46,990,70,280,-140
18534,-27,-46,989,70,210,-140
18633,-27,-47,990,70,210,-140
18734,-27,-46,989,70,280,-140
18834,-27,-46,989,70,140,-140
18933,-26,-46,989,140,210,-140
19034,-26,-46,990,140,140,-140
19133,-26,-46,990,70,280,-140
19233,-26,-46,990,140,210,-210
19334,-26,-46,990,140,210,-140
19433,-27,-46,989,140,210,-140
19533,-27,-46,988,70,140,-140
19634,-27,-46,989,70,140,-140
19733,-27,-46,989,70,210,-140
19833,-26,-46,990,70,140,-140
19934,-27,-46,989,70,210,-140
20033,-26,-46,989,70,210,-140
20134,-26,-46,989,70,210,-140
20234,-27,-46,989,70,210,-210
20333,-26,-45,990,140,140,-140
20434,-27,-46,990,70,280,-140
20533,-26,-46,989,70,210,-70
20633,-27,-46,990,140,210,-140
20734,-27,-46,989,140,140,-140
20833,-27,-46,989,140,210,-140
20933,-27,-46,990,140,210,-140
21034,-26,-46,989,70,140,-210
21133,-27,-46,990,140,280,-140
21234,-27,-46,989,70,210,-210
21334,-26,-46,989,70,210,-140
21433,-26,-47,989,70,210,-140
21534,-26,-47,988,70,210,-140
21634,-27,-46,991,140,280,-210
21733,-26,-46,990,70,140,-140
21834,-27,-46,990,70,280,-140
21933,-26,-47,989,0,210,-140
22033,-27,-46,989,140,210,-210
22134,-26,-46,990,70,210,-210
22233,-27,-46,990,140,210,-210
22333,-26,-46,990,140,140,-210
22434,-27,-46,990,140,210,-70
22533,-27,-47,989,70,210,-140
22634,-26,-46,989,70,280,-140
22734,-27,-46,989,70,210,-140
22833,-27,-46,989,70,210,-210
22934,-27,-46,990,140,210,-140
23033,-27,-46,990,140,210,-140
23133,-26,-47,990,70,280,-140
23234,-27,-46,989,70,140,-210
23333,-27,-46,990,140,280,-140
23433,-27,-46,989,140,210,-140
23534,-27,-46,990,140,210,-210
23633,-27,-46,990,140,210,-210
23734,-27,-46,990,70,140,-140
23834,-27,-47,988,70,140,-140
23933,-27,-46,989,140,210,-210
24034,-26,-46,988,70,210,-210
24134,-27,-46,989,140,210,-140
24233,-27,-47,989,70,280,-140
24334,-26,-46,989,70,140,-140
24433,-27,-46,990,70,210,-140
24533,-26,-46,989,70,210,-140
24634,-26,-46,989,140,280,-140
24733,-26,-46,990,140,140,-140
24834,-27,-46,989,140,280,-210
24934,-27,-47,990,140,140,-140
25033,-26,-46,989,70,280,-140
25134,-27,-46,990,140,140,-140
25234,-27,-46,988,70,280,-140
25333,-26,-46,990,140,140,-140
25434,-27,-46,989,140,210,-140
25533,-26,-46,989,140,210,-210
25633,-27,-46,990,70,280,-140
25734,-27,-46,989,70,210,-210
25833,-27,-45,989,140,210,-210
25933,-26,-46,990,140,210,-140
26034,-27,-46,990,70,210,-140
26133,-26,-46,990,140,210,-140
26234,-27,-46,990,140,210,-140
26334,-26,-45,988,70,280,-70
26433,-26,-46,989,140,140,-140
26534,-27,-47,989,70,280,-140
26633,-27,-45,990,70,140,-140
26733,-26,-46,989,70,210,-140
26834,-26,-46,989,70,210,-210
26933,-27,-46,989,140,210,-210
27033,-27,-46,989,140,210,-140
27134,-27,-46,989,70,210,-140
27233,-26,-46,990,70,210,-140
27333,-27,-46,989,70,210,-140
27434,-26,-46,990,140,210,-210
27533,-27,-46,989,70,280,-210
27634,-27,-47,989,70,280,-140
27734,-26,-47,990,70,210,-140
27833,-26,-46,989,70,140,-140
27934,-26,-46,989,70,280,-140
28034,-28,-47,988,70,210,-140
28133,-27,-46,989,70,210,-140
28234,-27,-46,989,70,210,-140
28333,-26,-46,988,0,210,-210
28433,-26,-46,989,70,280,-140
28534,-27,-46,989,70,210,-140
28633,-27,-46,989,70,140,-140
28733,-27,-46,989,70,210,-140
28834,-26,-46,989,70,210,-140
28933,-26,-47,989,70,210,-140
29034,-27,-47,990,70,210,-140
29134,-26,-46,989,70,140,-140
29233,-26,-46,989,70,210,-140
29334,-26,-46,989,70,210,-210
29433,-27,-47,989,70,210,-210
29533,-27,-46,989,70,210,-140
29634,-27,-46,989,140,210,-140
29733,-27,-46,989,70,140,-140
29833,-27,-46,989,70,210,-140
29934,-27,-46,989,140,210,-140
30033,-27,-46,990,70,210,-140
30133,-27,-46,989,140,210,-140
30234,-26,-46,989,140,280,-140
30333,-27,-46,989,70,210,-210
30434,-26,-46,990,140,210,-140
30534,-27,-47,989,70,210,-140
30633,-27,-46,989,140,210,-140
30734,-27,-46,989,140,210,-140
30834,-27,-47,990,140,210,-140
30933,-27,-46,989,70,280,-140
31034,-26,-46,990,70,210,-140
31133,-26,-46,989,140,210,-140
31233,-27,-46,989,140,210,-140
31334,-27,-47,989,70,210,-140
31433,-27,-46,990,70,210,-140
31533,-26,-46,990,70,210,-140
31634,-26,-46,989,70,280,-140
31733,-28,-46,990,70,140,-140
31834,-26,-46,989,70,210,-210
31934,-26,-46,990,70,210,-140
32033,-26,-46,990,70,210,-140
32134,-27,-46,989,140,210,-140
32234,-27,-46,989,70,210,-210
32333,-26,-46,990,140,280,-140
32434,-27,-46,990,70,210,-210
32533,-26,-46,989,70,210,-140
32633,-26,-46,990,70,210,-140
32734,-27,-46,989,70,210,-140
32833,-27,-46,989,140,210,-140
32933,-26,-46,988,140,210,-140
33034,-27,-47,991,140,140,-140
33133,-27,-46,990,70,210,-140
33234,-27,-46,989,70,210,-210
33334,-27,-46,989,70,280,-140
33433,-27,-46,989,70,140,-140
33534,-26,-46,989,70,280,-140
33633,-26,-47,989,140,140,-140
33733,-26,-46,990,70,210,-140
33834,-27,-46,990,70,140,-140
33933,-27,-46,990,70,210,-140
34033,-26,-46,989,140,140,-140
34134,-27,-46,988,140,210,-140
34233,-26,-46,989,140,210,-140
34333,-27,-46,989,210,210,-210
34434,-27,-46,989,0,140,-140
34533,-26,-46,989,0,210,-70
34634,-27,-47,988,0,210,-140
34734,-26,-46,989,70,210,-140
34833,-26,-46,988,70,210,-140
34934,-27,-46,991,140,280,-70
35033,-27,-46,990,70,210,-140
35133,-27,-46,990,70,210,-140
35234,-26,-46,990,0,210,-140
35333,-27,-46,989,140,210,-140
35433,-26,-47,989,140,210,-140
35534,-27,-46,990,140,210,-210
35633,-28,-46,990,70,210,-210
35733,-27,-47,989,140,210,-140
35834,-27,-46,989,70,210,-140
35933,-27,-47,988,70,210,-140
36034,-26,-46,989,70,210,-140
36134,-27,-46,990,140,140,-210
36233,-27,-46,990,70,210,-140
36334,-27,-46,990,140,140,-140
36433,-27,-46,990,70,280,-140
36533,-26,-46,989,70,210,-140
36634,-26,-46,989,140,210,-140
36733,-27,-46,990,70,210,-210
36833,-27,-46,990,140,210,-140
36934,-26,-46,991,70,210,-140
37033,-27,-46,989,70,140,-140
37134,-26,-46,989,70,210,-210
37234,-26,-47,988,140,210,-140
37333,-27,-46,989,70,140,-140
37434,-26,-46,989,140,210,-140
37534,-27,-46,989,0,280,-140
37633,-27,-46,989,70,210,-140
37734,-27,-47,989,70,210,-140
37833,-27,-46,989,140,210,-140
37933,-27,-46,990,140,210,-210
38034,-26,-46,989,70,210,-140
38133,-27,-46,990,140,140,-140
38233,-27,-47,990,70,140,-140
38334,-26,-46,989,70,210,-140
38433,-27,-47,989,140,210,-140
38534,-27,-46,990,210,210,-140
38634,-27,-46,989,70,210,-140
38733,-26,-47,990,0,210,-140
38834,-26,-46,988,70,280,-140
38933,-27,-46,989,70,210,-140
39033,-27,-46,989,70,210,-140
39134,-27,-47,989,70,210,-140
39233,-27,-46,989,140,210,-140
39333,-27,-47,990,140,210,-210
39434,-26,-46,990,70,210,-210
39533,-27,-45,990,70,210,-140
39633,-27,-46,990,140,210,-210
39734,-27,-47,989,140,210,-140
39833,-26,-45,989,70,210,-210
39934,-26,-47,990,140,210,-140
40034,-26,-47,989,0,210,-140
40133,-27,-46,989,70,280,-140
40234,-27,-46,989,140,140,-140
40333,-26,-46,989,70,280,-140
40433,-26,-47,990,140,210,-140
40534,-26,-46,990,140,280,-140
40633,-26,-46,990,70,280,-140
40733,-27,-47,989,70,210,-140
40834,-27,-47,989,70,210,-140
40933,-27,-46,990,70,210,-140
41034,-26,-46,990,140,210,-140
41134,-26,-46,990,70,210,-140
41233,-27,-46,989,140,140,-210
41334,-27,-46,989,70,280,-140
41433,-26,-46,988,140,210,-140
41533,-27,-46,990,70,350,-140
41634,-26,-46,989,70,210,-140
41733,-27,-47,989,0,210,-140
41833,-26,-46,990,140,140,-140
41934,-26,-46,989,70,280,-210
42033,-27,-47,989,70,140,-140
42134,-27,-46,990,70,210,-140
42234,-26,-46,989,70,140,-140
42333,-26,-46,990,140,280,-210
42434,-27,-46,990,70,210,-140
42533,-26,-46,990,70,210,-140
42633,-26,-46,990,70,210,-140
42734,-27,-47,990,140,210,-140
42833,-26,-46,989,70,210,-210
42933,-27,-46,989,70,210,-140
43034,-27,-47,989,70,280,-140
43133,-27,-46,990,70,280,-140
43233,-27,-46,990,0,210,-140
43334,-27,-47,989,0,210,-140
43433,-26,-47,988,140,210,-140
43534,-27,-46,989,140,210,-140
43634,-26,-46,990,140,140,-210
43733,-27,-46,989,70,210,-140
43834,-26,-47,990,70,210,-140
43933,-27,-45,989,140,210,-140
44033,-26,-46,989,70,280,-140
44134,-26,-46,988,70,210,-210
44233,-27,-46,990,70,210,-140
44333,-27,-46,989,70,210,-140
44434,-26,-45,989,70,280,-140
44533,-26,-46,990,70,210,-140
44634,-26,-46,989,70,210,-210
44734,-27,-46,989,140,280,-140
44833,-26,-46,989,70,140,-210
44934,-27,-46,990,70,280,-140
45033,-26,-46,990,140,140,-140
45133,-26,-46,989,70,210,-210
45234,-26,-46,990,140,140,-140
45333,-27,-46,990,70,280,-140
45433,-26,-46,989,140,140,-210
45534,-26,-47,989,140,280,-140
45633,-26,-47,989,70,210,-140
45734,-27,-46,990,70,210,-140
45834,-27,-46,990,140,140,-210
45933,-27,-46,990,70,280,-210
46034,-27,-46,989,140,140,-70
46133,-27,-47,990,70,210,-70
46233,-26,-46,989,140,280,-210
46334,-26,-47,990,140,210,-140
46433,-27,-46,988,70,210,-140
46533,-27,-46,989,70,210,-140
46634,-26,-46,990,70,210,-210
46733,-27,-46,988,70,140,-210
46833,-26,-46,990,140,210,-140
46934,-27,-46,990,70,280,-140
47033,-26,-46,990,70,210,-210
47134,-27,-46,989,70,210,-140
47233,-27,-46,990,140,140,-140
47333,-27,-46,989,140,140,-210
47434,-27,-46,989,140,210,-140
47533,-27,-46,988,70,210,-140
47633,-27,-46,990,140,140,-140
47734,-27,-46,988,70,210,-140
47833,-27,-46,989,140,210,-140
47933,-26,-47,989,70,210,-140
48034,-26,-47,988,70,140,-140
48133,-26,-46,990,70,210,-140
48234,-26,-46,990,140,140,-210
48334,-27,-46,989,70,140,-210
48433,-27,-46,988,140,210,-140
48534,-26,-47,989,0,350,-140
48634,-26,-45,988,210,140,-140
48733,-26,-46,990,140,210,-140
48834,-26,-46,990,70,140,-140
48933,-27,-46,991,70,210,-140
49033,-26,-47,989,70,210,-140
49134,-27,-46,988,140,280,-140
49233,-28,-47,989,140,210,-140
49333,-27,-47,990,70,210,-140
49434,-27,-47,990,140,140,-140
49533,-27,-46,990,70,350,-140
49634,-26,-46,990,70,140,-140
49734,-27,-47,990,70,210,-210
49833,-26,-46,989,140,140,-140
49934,-26,-46,990,70,280,-140
50034,-27,-46,991,140,210,-140
50133,-27,-47,990,70,140,-140
50234,-26,-46,990,140,210,-140
50333,-26,-47,989,70,280,-140
50433,-26,-46,989,140,210,-210
50534,-27,-47,989,140,210,-140
50633,-26,-47,989,70,210,-210
50733,-27,-46,990,70,210,-140
50834,-26,-47,989,70,210,-140
50933,-26,-46,989,70,210,-140
51034,-26,-46,989,140,210,-210
51133,-27,-46,990,70,280,-140
51233,-26,-46,989,140,210,-140
51334,-27,-46,991,70,140,-140
51433,-26,-47,990,70,210,-140
51533,-26,-46,988,140,140,-140
51634,-27,-46,989,70,280,-140
51733,-27,-46,988,140,210,-140
51833,-27,-46,988,140,280,-140
51934,-26,-47,989,140,140,-140
52033,-27,-46,989,0,280,-140
52134,-26,-46,989,140,210,-140
52234,-27,-46,990,70,280,-140
52333,-26,-47,989,140,140,-70
52434,-26,-46,990,140,350,-140
52533,-27,-46,989,70,210,-140
52633,-27,-46,991,140,280,-140
52734,-27,-47,990,70,210,-140
52833,-26,-46,989,70,210,-210
52933,-27,-46,990,70,140,-140
53034,-27,-46,990,140,210,-140
53133,-26,-46,989,140,140,-140
53234,-27,-47,990,70,280,-140
53334,-27,-47,989,140,210,-210
53433,-27,-47,989,70,210,-140
53534,-27,-46,989,140,210,-140
53633,-27,-46,989,70,280,-140
53733,-27,-46,990,70,210,-140
53834,-27,-46,989,140,280,-140
53933,-27,-46,989,70,210,-140
54033,-27,-47,990,70,280,-140
54134,-27,-47,989,140,280,-210
54233,-27,-46,989,70,210,-210
54334,-27,-46,990,140,210,-140
54434,-26,-46,989,0,210,-140
54533,-27,-46,989,70,280,-140
54634,-26,-46,990,140,210,-140
54734,-27,-46,990,70,280,-70
54833,-27,-47,989,70,210,-140
54934,-27,-47,989,140,210,-140
55033,-27,-47,990,70,210,-140
55133,-26,-46,989,70,210,-140
55234,-27,-46,989,0,210,-140
55333,-27,-46,989,70,280,-210
55433,-26,-46,989,70,210,-140
55534,-27,-46,989,70,210,-140
55633,-27,-46,989,140,210,-140
55734,-27,-46,989,0,280,-210
55834,-27,-47,990,210,140,-140
55933,-27,-46,989,70,280,-140
56034,-27,-46,989,70,140,-140
56134,-27,-47,990,70,210,-140
56233,-26,-47,989,70,210,-140
56334,-26,-46,990,70,210,-140
56433,-27,-46,989,140,210,-210
56533,-27,-47,989,70,210,-140
56634,-27,-46,990,140,210,-210
56733,-26,-46,989,140,280,-140
56833,-27,-46,990,70,140,-140
56934,-27,-47,989,70,280,-140
57033,-27,-46,989,140,140,-140
57134,-26,-46,990,70,210,-140
57234,-26,-47,990,70,280,-140
57333,-26,-47,990,70,280,-210
57434,-26,-46,989,140,210,-140
57533,-27,-47,989,70,280,-140
57633,-27,-46,990,70,210,-140
57734,-26,-46,990,70,280,-140
57833,-26,-47,990,140,210,-210
57933,-27,-47,990,70,210,-140
58034,-27,-46,989,70,210,-210
58133,-27,-47,990,70,280,-140
58234,-27,-46,989,140,140,-140
58334,-26,-46,990,70,280,-140
58433,-27,-46,990,70,210,-140
58534,-27,-46,989,70,280,-210
58633,-26,-46,989,140,140,-140
58733,-26,-47,989,140,210,-140
58834,-25,-46,990,70,210,-140
58933,-27,-46,990,70,210,-140
59033,-26,-46,990,140,140,-210
59134,-28,-46,991,140,280,-140
59233,-27,-46,989,140,210,-140
59334,-27,-46,989,70,280,-140
59434,-26,-46,989,140,140,-210
59533,-26,-47,991,140,280,-140
59634,-26,-46,990,140,140,-140
59734,-27,-46,989,140,280,-210
59833,-26,-46,989,140,140,-140
59934,-27,-46,990,70,280,-140
60033,-26,-46,989,140,210,-210
60133,-27,-46,990,140,280,-140
60234,-27,-46,989,70,140,-140
60333,-26,-46,990,70,280,-140
60433,-26,-46,990,70,210,-140
60534,-27,-46,989,70,210,-140
60633,-26,-46,989,70,140,-140
60734,-26,-46,990,70,210,-210
60834,-26,-46,990,140,140,-140
60933,-26,-46,990,140,210,-140
61034,-27,-46,988,70,280,-140
61133,-27,-46,989,140,140,-140
61233,-27,-46,989,210,210,-210
61334,-26,-46,989,140,210,-210
61433,-26,-46,990,70,210,-140
61533,-26,-46,990,70,210,-210
61634,-26,-46,990,0,210,-140
61733,-27,-47,990,70,210,-140
61834,-27,-46,989,140,280,-140
61934,-27,-46,991,70,140,-140
62033,-26,-46,989,70,280,-140
62134,-28,-46,990,70,140,-140
62233,-26,-46,990,70,280,-70
62333,-27,-47,989,140,140,-140
62434,-27,-46,989,70,210,-140
62533,-27,-46,989,70,210,-140
62633,-27,-46,989,70,210,-140
62734,-26,-46,990,70,210,-140
62833,-26,-46,989,70,280,-140
62934,-27,-46,990,70,140,-140
63034,-27,-46,988,70,280,-210
63133,-27,-46,990,140,210,-140
63234,-27,-46,990,70,280,-210
63333,-27,-46,990,140,140,-140
63433,-27,-47,990,140,210,-140
63534,-26,-46,989,140,140,-140
63633,-27,-46,989,70,350,-210
63733,-27,-46,989,70,70,-140
63834,-27,-46,989,140,280,-140
63933,-27,-46,989,70,140,-140
64034,-27,-46,988,70,420,-140
64134,-27,-46,989,140,70,-210
64233,-27,-46,989,0,280,-140
64334,-27,-47,989,70,140,-210
64434,-26,-46,990,70,280,-140
64533,-26,-46,990,70,140,-140
64634,-27,-47,990,70,280,-70
64733,-26,-46,988,70,140,-140
64833,-27,-46,989,140,350,-140
64934,-27,-46,989,140,70,-140
65033,-27,-46,989,70,350,-140
65134,-26,-46,988,70,70,-140
65234,-26,-45,990,70,280,-140
65333,-26,-46,989,70,70,-140
65434,-27,-46,989,70,280,-140
65534,-26,-46,989,210,140,-210
65633,-27,-46,989,70,280,-140
65734,-27,-46,989,70,70,-140
65833,-27,-47,990,70,280,-140
65933,-26,-46,989,140,210,-210
66034,-27,-47,989,70,280,-210
66133,-27,-46,990,70,140,-210
66233,-26,-46,989,140,210,-140
66334,-27,-47,988,210,210,-210
66433,-26,-46,989,70,140,-210
66534,-27,-46,990,70,280,-140
66634,-27,-46,989,140,140,-140
66733,-27,-46,990,70,280,-140
66834,-26,-46,989,140,70,-140
66933,-27,-46,990,70,210,-140
67033,-26,-46,989,140,70,-210
67134,-27,-45,990,70,280,-140
67233,-27,-46,989,140,140,-140
67333,-27,-47,989,70,280,-210
67434,-26,-46,989,140,140,-140
67533,-27,-46,990,140,140,-140
67633,-26,-46,989,140,280,-140
67734,-26,-46,989,70,210,-210
67833,-26,-46,989,70,280,-140
67934,-26,-47,990,140,140,-70
68034,-26,-46,989,70,280,-140
68133,-26,-46,990,140,140,-210
68234,-27,-47,990,70,210,-140
68333,-25,-47,990,140,140,-140
68433,-26,-46,990,70,280,-210
68534,-26,-46,989,140,140,-140
68633,-27,-46,990,70,280,-140
68733,-27,-46,989,70,140,-140
68834,-26,-46,989,70,210,-140
68933,-27,-46,989,70,140,-140
69033,-27,-46,990,70,280,-140
69134,-27,-47,990,70,210,-210
69233,-27,-47,989,70,280,-70
69334,-26,-46,988,140,140,-140
69434,-27,-46,990,0,280,-140
69533,-26,-46,990,70,210,-210
69634,-26,-46,990,70,280,-210
69733,-27,-46,990,210,210,-140
69833,-26,-46,990,70,210,-140
69934,-26,-45,989,140,280,-210
70033,-27,-46,989,70,280,-140
70133,-27,-46,989,140,140,-140
70234,-27,-46,991,140,280,-140
70333,-27,-46,989,140,140,-140
70433,-27,-47,989,70,280,-140
70534,-26,-46,988,70,140,-140
70633,-26,-46,989,140,280,-140
70734,-26,-47,990,70,210,-140
70834,-26,-46,990,0,280,-140
70933,-26,-46,990,70,210,-70
71034,-27,-46,990,140,280,-140
71133,-27,-46,989,70,140,-140
71233,-27,-47,989,140,210,-140
71334,-26,-46,990,140,210,-140
71433,-27,-46,990,70,280,-140
71533,-27,-45,990,70,140,-210
71634,-26,-46,990,140,350,-140
71733,-27,-46,989,140,140,-140
71834,-26,-46,988,70,280,-140
71934,-27,-47,989,70,70,-140
72033,-27,-46,989,70,280,-140
72134,-27,-46,991,140,280,-210
72233,-26,-46,990,70,350,-140
72333,-26,-47,990,140,210,-140
72434,-26,-46,989,70,280,-140
72533,-27,-46,990,140,210,-140
72633,-26,-46,990,140,210,-140
72734,-27,-46,990,140,210,-140
72833,-26,-46,990,140,280,-140
72934,-27,-46,990,140,210,-140
73034,-27,-46,989,70,280,-210
73133,-26,-46,989,140,140,-140
73234,-27,-47,990,140,210,-140
73333,-26,-46,989,140,210,-210
73433,-26,-46,989,70,280,-210
73534,-26,-46,988,70,210,-210
73633,-27,-47,989,140,210,-210
73733,-26,-47,989,70,210,-140
73834,-27,-46,990,140,210,-140
73933,-26,-46,989,70,280,-210
74033,-27,-46,990,70,210,-140
74134,-26,-46,991,0,210,-140
74233,-27,-46,989,140,280,-140
74334,-27,-46,989,70,210,-140
74434,-27,-47,991,70,210,-140
74533,-27,-46,990,70,210,-140
74634,-27,-47,990,70,280,-140
74733,-27,-46,988,70,210,-140
74833,-26,-46,989,70,280,-140
74934,-27,-46,989,70,140,-140
75033,-27,-46,989,0,280,-140
75133,-26,-46,990,140,140,-140
75234,-26,-46,990,140,210,-140
75333,-27,-46,990,0,350,-140
75434,-27,-46,991,70,70,-140
75534,-26,-46,989,140,280,-140
75633,-27,-46,991,210,210,-140
75734,-27,-46,989,70,210,-140
75834,-27,-46,990,140,140,-210
75933,-26,-46,988,70,140,-140
76034,-27,-46,989,70,280,-210
76133,-27,-46,989,140,140,-140
76233,-27,-46,989,70,280,-140
76334,-26,-46,989,70,210,-210
76433,-26,-46,990,70,280,-140
76534,-27,-46,991,140,140,-140
76634,-26,-46,990,70,280,-140
76733,-27,-46,989,140,140,-140
76834,-26,-46,990,70,280,-210
76933,-27,-47,989,140,210,-140
77033,-26,-47,990,140,280,-210
77134,-26,-46,989,70,210,-210
77233,-27,-47,989,140,420,-140
77333,-27,-46,988,70,70,-210
77434,-27,-46,989,70,210,-210
77533,-27,-46,988,140,210,-140
77633,-26,-46,990,70,140,-140
77734,-26,-46,988,70,140,-210
77833,-27,-46,990,0,210,-140
77934,-26,-46,989,140,210,-140
78034,-27,-46,990,70,140,-140
78133,-26,-46,989,140,140,-140
78234,-27,-46,990,0,210,-140
78333,-26,-46,988,70,210,-140
78433,-27,-46,990,70,210,-140
78534,-27,-46,989,70,70,-210
78633,-26,-46,989,70,350,-140
78733,-26,-47,989,140,140,-140
78834,-27,-46,990,70,350,-140
78933,-26,-47,989,140,140,-140
79033,-27,-46,990,70,280,-140
79134,-26,-46,990,140,140,-140
79233,-28,-46,990,70,280,-140
79334,-26,-46,990,70,140,-210
79434,-27,-46,989,140,280,-140
79533,-26,-47,988,70,70,-210
79634,-27,-46,989,0,420,-140
79734,-27,-46,989,140,-140,-210
79833,-26,-47,988,0,280,-140
79934,-27,-47,990,70,140,-140
80033,-26,-46,988,140,210,-140
80133,-27,-46,991,70,350,-210
80234,-26,-46,988,70,70,-210
80333,-27,-47,991,0,630,-140
80433,-27,-46,989,140,-140,-140
80534,-27,-46,992,0,490,-140
80633,-26,-46,989,210,0,-210
80734,-27,-46,990,0,560,-70
80834,-27,-46,988,140,-140,-140
80933,-27,-46,991,70,420,-140
81034,-26,-46,988,140,70,-140
81134,-27,-47,990,0,490,-140
81233,-26,-46,988,210,0,-140
81334,-27,-46,990,70,350,-140
81433,-26,-46,988,140,70,-210
81533,-27,-46,991,70,420,-140
81634,-26,-47,989,140,140,-140
81733,-27,-46,990,70,280,-140
81833,-27,-46,990,70,140,-140
81934,-27,-46,990,70,210,-210
82033,-26,-45,989,140,-70,-140
82134,-27,-46,991,0,490,-140
82234,-26,-47,989,210,-70,-140
82333,-26,-46,991,0,420,-70
82434,-27,-46,990,70,140,-140
82533,-26,-46,987,140,70,-140
82633,-27,-47,989,70,280,-140
82734,-26,-46,989,70,70,-140
82833,-27,-46,989,70,210,-140
82933,-26,-46,989,140,140,-140
83034,-26,-46,990,70,280,-140
83133,-27,-47,989,140,140,-210
83234,-26,-46,988,0,280,-140
83334,-26,-47,991,140,140,-140
83433,-27,-47,990,70,210,-140
83534,-26,-46,991,70,210,-140
83634,-27,-46,990,0,280,-140
83733,-26,-47,989,140,210,-140
83834,-27,-46,990,140,280,-140
83933,-26,-46,989,140,210,-140
84033,-26,-47,990,140,140,-140
84134,-26,-46,990,70,280,-140
84233,-27,-46,989,70,70,-140
84334,-26,-46,990,70,350,-140
84434,-27,-46,988,70,210,-140
84533,-26,-46,990,140,210,-140
84634,-26,-46,990,70,210,-210
84734,-27,-46,990,70,210,-140
84833,-26,-47,990,140,210,-140
84934,-26,-46,989,140,140,-140
85033,-27,-46,988,70,280,-140
85133,-27,-46,990,70,140,-140
85234,-26,-46,990,70,350,-140
85333,-27,-46,990,140,140,-210
85433,-27,-46,989,70,280,-70
85534,-27,-46,989,0,140,-140
85633,-27,-46,989,140,210,-140
85734,-27,-46,990,70,210,-210
85834,-27,-46,990,70,140,-140
85933,-26,-46,990,140,280,-140
86034,-27,-46,990,70,280,-140
86133,-26,-46,991,140,210,-210
86233,-27,-46,990,140,280,-210
86334,-27,-46,990,70,140,-210
86433,-26,-47,990,140,280,-210
86533,-27,-47,990,140,210,-140
86634,-27,-46,990,140,210,-140
86733,-27,-46,989,140,140,-140
86834,-26,-46,989,70,280,-140
86934,-26,-46,989,140,210,-140
87033,-27,-46,989,210,280,-210
87134,-27,-47,991,140,280,-140
87234,-27,-46,991,140,210,-140
87333,-26,-46,988,70,210,-210
87434,-26,-46,990,70,140,-140
87533,-27,-46,990,140,280,-140
87633,-27,-46,990,140,210,-140
87734,-27,-47,990,70,210,-140
87833,-26,-47,989,70,210,-210
87934,-26,-46,990,70,280,-140
88034,-27,-47,990,140,210,-140
88133,-26,-46,990,70,210,-140
88234,-27,-45,989,140,140,-140
88333,-27,-47,989,70,280,-140
88433,-27,-46,989,70,210,-140
88534,-26,-46,989,140,210,-140
88633,-27,-47,990,70,210,-140
88733,-27,-47,989,70,280,-140
88834,-26,-47,989,70,210,-140
88933,-27,-46,989,70,210,-140
89033,-27,-46,990,70,210,-140
89134,-26,-46,990,70,140,-140
89233,-26,-46,989,140,140,-140
89334,-26,-46,990,70,280,-140
89434,-26,-46,989,70,140,-210
89533,-27,-47,990,70,210,-140
89634,-27,-46,990,140,210,-140
89733,-26,-46,990,70,210,-210
89833,-27,-46,989,70,210,-140
89934,-26,-46,990,140,210,-210
90033,-27,-47,989,70,210,-140
90133,-27,-46,990,140,210,-70
90234,-27,-47,989,140,210,-70
90333,-27,-47,990,70,210,-210
90434,-27,-47,989,70,210,-140
90534,-26,-47,990,70,280,-140
90633,-27,-46,989,70,210,-140
90734,-26,-46,990,140,210,-140
90834,-27,-46,989,70,210,-140
90933,-27,-46,989,140,210,-140
91034,-27,-46,990,70,210,-140
91133,-26,-46,989,140,210,-140
91233,-27,-46,990,0,280,-140
91334,-27,-46,990,70,280,-210
91433,-27,-46,989,140,140,-140
91533,-26,-46,990,70,210,-140
91634,-27,-47,989,70,210,-70
91733,-27,-46,990,140,210,-140
91834,-26,-47,989,70,210,-140
91934,-27,-46,989,70,210,-140
92033,-27,-46,990,0,140,-140
92134,-27,-46,989,140,210,-210
92234,-27,-46,990,70,210,-140
92333,-27,-46,990,70,280,-140
92434,-27,-47,990,70,140,-140
92533,-27,-46,989,70,280,-140
92633,-26,-47,989,140,140,-140
92734,-27,-46,990,70,280,-210
92833,-26,-46,988,70,210,-140
92933,-26,-46,989,140,280,-140
93034,-27,-47,990,70,210,-140
93133,-27,-47,990,70,210,-140
93234,-26,-47,989,140,140,-140
93334,-27,-46,988,140,210,-140
93433,-27,-46,990,140,140,-70
93534,-27,-46,989,70,210,-140
93634,-26,-46,990,140,140,-140
93733,-26,-46,990,70,210,-140
93834,-26,-46,989,140,280,-140
93933,-27,-46,990,140,140,-210
94033,-28,-46,990,70,140,-140
94134,-26,-46,990,140,210,-140
94233,-26,-46,990,140,140,-210
94333,-27,-46,989,70,210,-210
94434,-26,-46,989,70,140,-140
94533,-26,-46,989,70,210,-140
94634,-27,-47,989,0,210,-140
94734,-26,-46,989,70,280,-210
94833,-26,-45,989,140,210,-140
94934,-26,-46,990,70,210,-140
95033,-27,-46,989,70,210,-210
95133,-27,-46,990,70,210,-140
95234,-26,-45,989,70,140,-210
95333,-27,-46,991,70,280,-140
95433,-26,-46,990,70,280,-140
95534,-27,-46,991,140,210,-140
95633,-27,-46,989,70,210,-140
95734,-26,-46,989,70,210,-140
95834,-27,-47,989,140,210,-140
95933,-27,-46,989,70,280,-140
96034,-28,-47,989,140,140,-140
96134,-28,-46,989,70,280,-140
96233,-27,-47,989,70,140,-210
96334,-27,-46,990,0,210,-140
96433,-27,-46,989,70,210,-140
96533,-26,-46,990,140,280,-140
96634,-26,-46,990,140,280,-140
96733,-27,-46,990,70,210,-210
96833,-26,-46,991,140,140,-210
96934,-26,-46,987,140,210,-140
97033,-27,-46,989,140,210,-140
97134,-27,-46,988,140,210,-140
97234,-26,-47,989,70,140,-210
97333,-27,-47,989,140,210,-210
97434,-27,-46,989,210,210,-140
97533,-27,-47,989,0,210,-210
97633,-27,-47,990,70,280,-70
97734,-27,-46,989,140,210,-140
97833,-27,-46,991,70,210,-210
97933,-27,-46,991,70,140,-140
98034,-27,-47,990,70,210,-210
98133,-26,-46,989,70,210,-140
98234,-27,-46,989,70,210,-140
98334,-27,-47,989,140,210,-210
98433,-27,-46,990,140,280,-140
98534,-26,-46,990,140,140,-140
98634,-27,-46,989,0,210,-140
98733,-27,-46,989,140,210,-140
98834,-27,-46,989,70,210,-140
98933,-26,-46,989,70,140,-140
99033,-27,-45,989,70,140,-210
99134,-26,-46,990,140,210,-140
99233,-27,-46,990,140,210,-210
99333,-27,-46,990,70,210,-140
99434,-26,-46,990,70,210,-140
99533,-27,-46,988,140,140,-210
99634,-27,-46,989,70,280,-140
99734,-26,-46,990,70,140,-210
99833,-27,-46,990,70,350,-210
99934,-27,-47,989,70,140,-210
100033,-27,-47,989,140,280,-140
100133,-27,-46,989,70,140,-210
100234,-27,-47,988,70,210,-140
100333,-27,-46,989,140,140,-140
100433,-27,-46,990,70,210,-210
100534,-26,-46,989,70,210,-210
100633,-26,-46,989,70,280,-140
100733,-27,-46,989,70,210,-140
100834,-26,-46,989,140,210,-140
100933,-27,-46,990,140,210,-140
101034,-27,-47,989,140,210,-140
101134,-26,-45,989,140,280,-140
101233,-27,-46,990,70,210,-140
101334,-27,-46,990,70,280,-140
101433,-27,-45,989,70,210,-140
101533,-27,-46,988,70,280,-140
101634,-27,-46,989,70,210,-210
101733,-26,-47,990,70,140,-140
101833,-27,-46,990,70,210,-140
101934,-27,-46,990,70,280,-140
102033,-27,-46,989,140,210,-210
102134,-28,-46,989,70,210,-140
102234,-26,-46,989,140,210,-140
102333,-26,-47,990,140,210,-140
102434,-27,-46,989,70,210,-140
102533,-26,-45,989,140,210,-140
102633,-27,-46,990,140,210,-140
102734,-27,-47,989,70,210,-210
102833,-27,-46,990,70,280,-140
102933,-26,-47,989,140,280,-140
103034,-26,-46,990,70,210,-140
103133,-26,-46,990,140,280,-140
103233,-27,-46,990,70,210,-140
103334,-27,-46,990,70,280,-140
103433,-27,-46,990,140,210,-210
103534,-27,-46,989,140,210,-140
103634,-27,-46,989,140,140,-140
103733,-26,-46,990,70,280,-140
103834,-27,-46,989,70,140,-140
103933,-26,-46,989,140,280,-140
104033,-26,-46,989,70,210,-140
104134,-27,-46,990,70,350,-140
104233,-27,-46,990,140,70,-140
104333,-27,-47,990,70,280,-140
104434,-27,-46,990,140,140,-140
104533,-27,-46,990,70,280,-210
104634,-27,-46,990,70,210,-210
104734,-27,-46,989,140,280,-140
104833,-26,-46,989,140,140,-140
104934,-26,-47,990,70,280,-140
105033,-26,-46,989,140,140,-210
105133,-26,-46,990,70,350,-140
105234,-26,-46,989,140,-70,-140
105333,-26,-46,989,0,350,-140
105433,-26,-47,989,140,70,-140
105534,-26,-46,990,0,350,-140
105633,-26,-47,990,210,70,-140
105734,-27,-46,990,0,350,-140
105834,-27,-46,989,140,70,-140
105933,-27,-46,988,70,350,-140
106034,-26,-47,989,210,140,-210
106134,-26,-46,990,70,280,-140
106233,-27,-46,988,70,140,-140
106334,-27,-46,990,70,350,-140
106433,-27,-46,989,140,140,-140
106533,-27,-46,990,70,350,-210
106634,-26,-46,989,140,140,-210
106733,-27,-46,989,70,210,-140
106833,-26,-46,990,140,140,-210
106934,-27,-46,991,70,280,-210
107033,-26,-46,990,140,210,-140
107134,-26,-46,990,140,280,-140
107234,-26,-45,989,140,210,-140
107333,-27,-47,989,70,210,-210
107434,-26,-46,989,140,140,-210
107533,-27,-46,990,70,210,-210
107633,-27,-46,989,70,210,-140
107734,-27,-46,989,140,280,-140
107833,-26,-46,988,0,210,-210
107933,-27,-47,989,140,210,-140
108034,-27,-46,989,70,210,-210
108133,-27,-46,989,70,210,-210
108234,-27,-46,990,70,280,-210
108334,-27,-46,989,70,210,-140
108433,-27,-46,990,70,280,-140
108534,-26,-46,989,140,70,-140
108634,-27,-47,991,140,280,-140
108733,-26,-47,989,140,210,-140
108834,-26,-46,991,140,210,-140
108933,-26,-46,989,70,210,-140
109033,-27,-46,989,70,210,-210
109134,-27,-46,989,70,280,-140
109233,-27,-46,989,140,140,-140
109333,-26,-47,991,70,280,-210
109434,-27,-46,989,70,210,-210
109533,-26,-46,989,0,210,-140
109634,-28,-46,989,140,140,-70
109734,-27,-47,989,140,280,-210
109833,-26,-46,990,70,210,-140
109934,-27,-46,990,140,350,-210
110033,-26,-46,990,140,210,-140
110133,-26,-46,990,0,280,-140
110234,-27,-46,989,70,140,-140
110333,-27,-46,989,70,280,-140
110433,-26,-46,988,70,140,-210
110534,-27,-46,989,70,350,-140
110633,-26,-46,990,140,140,-140
110733,-27,-46,989,70,280,-140
110834,-27,-46,989,140,140,-140
110933,-28,-47,989,70,280,-140
111034,-27,-47,989,0,140,-140
111134,-26,-46,990,70,280,-140
111233,-27,-46,990,70,210,-140
111334,-26,-45,990,70,280,-140
111433,-27,-46,990,70,210,-140
111533,-26,-47,989,0,210,-140
111634,-26,-47,989,140,140,-140
111733,-27,-45,990,140,210,-140
111833,-26,-46,989,140,210,-140
111934,-26,-46,990,70,210,-140
112033,-26,-47,990,140,140,-140
112134,-27,-46,990,70,280,-140
112234,-26,-47,989,70,210,-140
112333,-27,-46,990,140,210,-140
112434,-27,-46,991,140,280,-210
112534,-27,-46,990,70,140,-140
112633,-27,-46,989,70,210,-140
112734,-26,-46,989,140,210,-140
112833,-27,-46,990,140,210,-140
112933,-27,-46,989,140,210,-140
113034,-26,-46,990,140,280,-140
113133,-27,-46,990,140,210,-140
113234,-28,-46,989,0,280,-140
113334,-27,-46,989,70,210,-140
113433,-27,-47,989,70,280,-140
113534,-27,-46,988,140,140,-210
113634,-27,-47,991,70,280,-140
113733,-27,-46,990,70,210,-140
113834,-27,-46,990,70,280,-210
113933,-27,-46,990,70,140,-140
114033,-27,-46,990,140,280,-210
114134,-27,-47,990,70,140,-140
114233,-27,-46,989,70,280,-140
114334,-27,-46,990,140,140,-140
114434,-27,-46,991,140,280,-140
114533,-27,-47,989,140,140,-210
114634,-26,-46,989,140,280,-140
114734,-27,-47,988,70,140,-210
114833,-27,-46,990,70,210,-140
114934,-26,-47,989,70,210,-140
115033,-27,-47,989,70,280,-140
115133,-26,-46,990,70,210,-140
115234,-27,-47,989,70,210,-140
115333,-26,-46,990,70,210,-210
115433,-27,-46,991,70,140,-140
115534,-26,-46,989,140,210,-210
115633,-27,-47,990,140,210,-140
115734,-27,-46,989,70,210,-210
115834,-26,-47,988,140,210,-140
115933,-27,-46,989,140,210,-140
116034,-27,-46,990,140,210,-140
116133,-27,-47,990,140,140,-140
116233,-26,-46,990,70,210,-140
116334,-27,-47,990,140,280,-210
116433,-27,-46,989,140,280,-210
116533,-27,-46,989,70,210,-140
116634,-27,-46,989,70,210,-140
116733,-26,-46,990,140,280,-140
116833,-27,-46,990,210,140,-140
116934,-27,-46,990,70,210,-140
117033,-27,-46,989,140,140,-140
117134,-26,-46,990,140,280,-140
117234,-27,-46,989,70,140,-210
117333,-26,-47,990,210,210,-140
117434,-26,-47,989,70,280,-140
117533,-27,-46,989,70,280,-140
117633,-27,-46,989,70,210,-140
117734,-27,-46,990,70,210,-140
117833,-27,-46,989,140,210,-140
117933,-26,-45,990,70,210,-210
118034,-26,-46,989,0,210,-140
118133,-27,-46,990,70,210,-140
118234,-26,-46,990,140,210,-210
118334,-27,-46,990,140,210,-210
118433,-26,-46,989,70,210,-140
118534,-27,-46,989,140,210,-210
118634,-26,-45,990,140,210,-210
118733,-26,-46,989,140,210,-210
118834,-27,-46,988,70,210,-140
118933,-27,-46,990,70,210,-140
119033,-27,-46,989,0,210,-140
119134,-26,-46,990,70,280,-210
119233,-27,-47,990,70,280,-210
119333,-27,-47,990,70,210,-140
119434,-27,-46,989,70,210,-140
119533,-26,-46,990,70,210,-140
119634,-27,-46,989,0,280,-210
119734,-27,-47,990,140,210,-210
119833,-27,-46,989,70,280,-210
119934,-27,-46,989,70,210,-140
120033,-27,-46,989,70,210,-140
120133,-26,-46,989,140,210,-210
120234,-27,-46,989,140,280,-210
120333,-27,-47,989,70,210,-210
120433,-27,-46,990,70,210,-140
120534,-27,-46,990,140,280,-140
120633,-27,-46,990,0,210,-210
120733,-27,-47,990,70,210,-140
120834,-27,-46,989,70,210,-140
120933,-26,-47,991,140,210,-140
121034,-27,-46,989,70,280,-140
121134,-27,-46,989,140,280,-140
121233,-26,-46,990,70,280,-210
121334,-27,-46,989,70,210,-140
121433,-26,-46,990,70,280,-140
121533,-27,-46,989,70,140,-140
121634,-26,-47,989,70,210,-140
121733,-26,-46,990,140,280,-210
121833,-27,-46,989,140,210,-210
121934,-26,-46,989,70,210,-140
122033,-27,-46,990,0,280,-210
122134,-27,-46,990,140,280,-140
122234,-26,-47,990,70,210,-140
122333,-26,-46,989,70,140,-210
122434,-27,-47,989,140,210,-140
122533,-27,-46,989,140,210,-140
122633,-27,-47,990,70,280,-140
122734,-25,-46,990,70,280,-210
122833,-27,-47,989,70,210,-140
122933,-26,-47,989,140,210,-140
123034,-26,-46,991,70,210,-210
123133,-26,-46,990,0,210,-140
123233,-27,-46,990,70,210,-210
123334,-27,-46,990,140,210,-140
123433,-27,-46,990,140,210,-140
123534,-27,-46,989,70,210,-140
123634,-26,-46,989,140,210,-140
123733,-27,-46,990,70,210,-140
123834,-26,-46,990,140,280,-140
123933,-27,-46,989,70,210,-140
124033,-26,-47,990,70,280,-140
124134,-26,-46,989,70,210,-140
124233,-26,-46,989,70,210,-210
124333,-28,-46,990,70,140,-210
124434,-26,-46,991,70,210,-140
124533,-27,-46,990,140,210,-140
124634,-27,-46,990,70,280,-140
124734,-27,-46,990,140,210,-140
124833,-27,-46,990,140,210,-140
124934,-27,-46,989,140,280,-210
125033,-26,-46,990,140,210,-140
125133,-27,-46,989,70,210,-210
125234,-26,-46,989,70,210,-210
125333,-27,-47,989,0,210,-140
125433,-27,-47,988,70,210,-140
125534,-26,-46,989,140,210,-140
125633,-27,-46,990,70,210,-140
125733,-26,-45,990,0,210,-140
125834,-27,-46,990,70,210,-210
125933,-28,-46,990,70,210,-210
126034,-27,-46,988,70,280,-140
126134,-27,-46,990,140,280,-140
126233,-27,-45,990,140,280,-140
126334,-27,-46,990,70,280,-140
126433,-26,-46,990,140,210,-210
126533,-27,-46,989,70,280,-140
126634,-27,-47,989,70,210,-140
126733,-26,-46,989,140,280,-210
126833,-27,-46,989,140,140,-140
126934,-27,-47,990,70,280,-140
127033,-27,-46,988,140,210,-210
127133,-26,-46,989,70,210,-210
127234,-27,-47,989,0,210,-140
127333,-26,-46,990,210,280,-210
127434,-26,-46,990,140,140,-140
127534,-26,-46,990,140,210,-140
127633,-26,-46,992,70,210,-140
127734,-27,-45,990,140,210,-210
127833,-27,-46,989,140,210,-140
127933,-27,-46,989,140,210,-140
128034,-26,-46,990,70,210,-140
128133,-26,-46,990,140,210,-140
128233,-26,-46,990,70,280,-210
128334,-27,-46,990,70,280,-140
128433,-27,-46,990,70,280,-140
128534,-27,-46,989,140,210,-210
128634,-27,-46,990,140,280,-140
128733,-27,-46,990,140,210,-140
128834,-26,-46,991,140,280,-140
128933,-26,-46,990,140,140,-140
129033,-26,-47,989,70,280,-210
129134,-26,-46,990,70,140,-210
129233,-27,-46,989,140,280,-140
129333,-26,-46,990,140,210,-210
129434,-27,-47,990,140,210,-210
129533,-27,-47,989,70,210,-140
129633,-28,-46,989,140,280,-210
129734,-27,-46,989,140,210,-210
129833,-26,-46,989,70,210,-140
129934,-26,-47,990,140,210,-140
130034,-27,-46,990,140,280,-140
130133,-27,-46,990,140,210,-210
130234,-26,-46,989,70,210,-210
130333,-27,-46,989,140,140,-140
130433,-27,-46,990,140,210,-140
130534,-26,-47,990,140,140,-210
130633,-27,-47,990,140,210,-140
130733,-27,-47,989,70,210,-210
130834,-27,-46,989,140,210,-140
130933,-27,-47,989,70,210,-210
131034,-27,-45,988,70,210,-140
131134,-26,-46,989,70,210,-70
131233,-27,-46,990,70,210,-210
131334,-26,-46,990,70,140,-140
131433,-27,-46,989,70,280,-210
131533,-26,-47,990,140,140,-140
131634,-26,-46,989,210,280,-140
131733,-26,-46,990,140,210,-140
131833,-27,-46,991,140,280,-140
131934,-26,-46,989,140,210,-140
132033,-27,-46,990,70,280,-140
132133,-27,-46,990,140,210,-210
132234,-26,-46,990,140,210,-140
132333,-26,-47,989,70,140,-210
132434,-27,-46,990,70,280,-140
132534,-27,-46,990,140,210,-210
132633,-27,-46,989,70,210,-140
132734,-27,-46,990,70,210,-140
132833,-26,-47,990,140,210,-140
132933,-27,-46,989,140,210,-210
133034,-27,-47,989,70,280,-140
133133,-26,-46,989,70,210,-140
133233,-27,-47,990,140,210,-140
133334,-27,-46,989,140,140,-140
133433,-27,-46,990,140,280,-140
133533,-27,-46,990,70,140,-140
133634,-27,-47,990,70,210,-140
133733,-27,-47,989,70,210,-140
133834,-26,-46,990,140,280,-140
133934,-26,-47,989,140,210,-140
134033,-27,-46,990,140,210,-140
134134,-27,-46,990,70,210,-140
134233,-26,-47,990,70,140,-210
134333,-26,-46,990,70,210,-140
134434,-26,-46,990,140,210,-210
134533,-26,-46,990,140,210,-140
134633,-27,-46,989,70,280,-210
134734,-27,-46,989,70,140,-140
134833,-27,-46,989,140,210,-140
134934,-26,-46,989,140,210,-210
135034,-27,-46,990,70,210,-210
135133,-27,-47,989,70,210,-140
135234,-27,-45,990,140,210,-140
135334,-26,-46,990,140,210,-140
135433,-27,-46,990,70,210,-140
135534,-27,-45,989,70,210,-140
135633,-27,-46,990,70,210,-210
135733,-27,-46,990,140,280,-140
135834,-26,-46,989,70,210,-140
135933,-27,-46,989,140,210,-210
136033,-27,-47,990,140,280,-140
136134,-27,-47,988,140,210,-140
136233,-26,-46,990,70,210,-210
136334,-26,-46,990,70,210,-210
136434,-27,-46,990,70,140,-140
136533,-26,-46,989,70,210,-140
136634,-26,-46,989,70,210,-210
136733,-27,-46,990,70,280,-140
136833,-27,-46,990,140,210,-210
136934,-27,-46,989,140,280,-140
137033,-27,-46,989,70,210,-140
137133,-26,-46,989,70,210,-210
137234,-26,-47,989,70,210,-140
137333,-27,-46,990,70,210,-140
137434,-27,-47,990,140,210,-140
137534,-27,-46,989,70,280,-140
137633,-27,-46,990,70,140,-140
137734,-26,-45,989,70,210,-140
137834,-27,-46,990,70,210,-140
137933,-26,-47,989,70,280,-140
138034,-27,-46,990,140,280,-140
138133,-26,-46,990,70,210,-140
138233,-26,-46,990,140,210,-140
138334,-26,-46,990,70,210,-140
138433,-27,-46,989,140,140,-140
138534,-27,-47,989,70,210,-210
138634,-27,-46,989,140,210,-140
138733,-27,-46,990,70,280,-140
138834,-27,-46,990,70,210,-140
138933,-27,-46,989,70,140,-140
139033,-26,-46,989,140,280,-210
139134,-26,-46,989,140,210,-140
139233,-27,-47,989,70,210,-210
139333,-27,-46,990,140,210,-140
139434,-26,-45,990,70,210,-140
139533,-26,-46,990,140,210,-210
139633,-27,-46,990,70,210,-140
139734,-27,-46,989,140,280,-210
139833,-27,-46,990,210,210,-140
139934,-26,-46,990,70,210,-140
140034,-27,-46,991,140,210,-140
140133,-27,-46,990,70,210,-140
140234,-27,-45,989,70,210,-140
140333,-27,-47,990,70,210,-140
140433,-26,-46,988,140,140,-140
140534,-27,-46,988,140,210,-140
140633,-26,-46,990,70,210,-140
140733,-26,-46,989,70,280,-140
140834,-26,-46,989,70,210,-140
140933,-27,-46,989,140,280,-140
141033,-26,-47,990,140,140,-140
141134,-27,-46,990,70,210,-140
141233,-26,-46,990,140,210,-210
141334,-26,-46,990,70,140,-140
141434,-27,-46,989,140,210,-140
141533,-27,-46,990,140,280,-140
141634,-27,-46,989,70,140,-210
141733,-27,-46,989,140,210,-140
141833,-27,-47,989,70,210,-140
141934,-26,-47,988,140,210,-210
142033,-27,-47,989,70,280,-140
142133,-27,-46,989,0,140,-140
142234,-26,-47,990,70,210,-140
142333,-26,-47,990,140,210,-210
142434,-27,-46,991,70,280,-210
142534,-26,-47,991,70,210,-140
142633,-27,-46,990,70,280,-140
142734,-27,-45,989,140,210,-140
142833,-27,-46,990,140,350,-140
142933,-26,-46,989,70,140,-210
143034,-26,-47,990,140,280,-140
143133,-26,-46,989,70,140,-140
143233,-26,-46,990,70,280,-140
143334,-27,-47,989,70,210,-140
143433,-26,-47,989,70,280,-140
143534,-27,-46,988,70,140,-140
143634,-27,-46,990,0,280,-140
143733,-27,-46,990,70,210,-140
143834,-27,-47,991,70,210,-140
143934,-27,-46,990,140,210,-140
144033,-27,-46,990,140,280,-140
144134,-26,-46,989,140,280,-140
144233,-27,-46,989,70,210,-210
144333,-26,-46,990,140,210,-210
144434,-28,-46,989,140,210,-140
144533,-27,-46,989,70,210,-140
144633,-27,-46,989,140,140,-140
144734,-27,-47,989,70,210,-210
144833,-27,-46,989,70,210,-140
144934,-26,-46,990,140,210,-140
145034,-27,-46,989,70,280,-140
145133,-27,-46,990,70,210,-140
145234,-26,-46,989,70,280,-140
145333,-26,-46,989,140,210,-140
145433,-27,-45,990,140,210,-140
145534,-27,-46,990,70,280,-210
145633,-26,-46,990,140,210,-140
145733,-27,-46,989,140,210,-140
145834,-27,-46,990,140,210,-210
145933,-27,-47,990,140,280,-140
146033,-27,-46,990,140,140,-140
146134,-27,-46,991,140,280,-210
146233,-26,-46,990,70,280,-210
146334,-26,-46,990,70,210,-140
146433,-26,-46,989,70,70,-210
146533,-26,-46,989,70,280,-140
146634,-26,-46,991,140,210,-140
146733,-27,-46,990,70,280,-210
146833,-26,-46,990,70,210,-140
146934,-27,-46,989,0,280,-140
147033,-26,-46,989,140,140,-140
147133,-27,-46,989,70,210,-210
147234,-27,-46,990,140,140,-140
147333,-27,-46,989,140,280,-210
147434,-27,-46,990,70,140,-210
147534,-26,-46,990,140,280,-140
147633,-27,-46,989,70,140,-210
147734,-27,-46,990,140,210,-140
147833,-27,-46,990,70,210,-140
147933,-27,-46,990,70,280,-140
148034,-26,-46,990,70,210,-210
148133,-27,-46,990,70,210,-140
148233,-26,-46,991,70,210,-210
148334,-27,-46,989,70,140,-210
148433,-27,-47,989,70,210,-140
148534,-25,-47,990,70,280,-210
148634,-27,-46,990,140,210,-140
148733,-27,-46,989,70,210,-140
148834,-27,-45,989,70,140,-140
148933,-27,-46,990,70,280,-140
149033,-26,-46,990,140,70,-140
149134,-26,-46,989,70,280,-140
149233,-27,-46,990,70,140,-140
149333,-27,-46,990,70,210,-140
149434,-27,-46,989,70,140,-140
149533,-27,-45,989,70,210,-140
149633,-27,-46,989,70,140,-140
149734,-27,-46,988,70,210,-210
149833,-26,-47,990,140,280,-140
149934,-27,-46,990,70,70,-210
150034,-27,-46,990,140,280,-210
150133,-26,-46,990,140,70,-210
150234,-26,-47,990,70,350,-210
150333,-27,-47,989,140,70,-210
150433,-26,-46,989,0,280,-140
150534,-26,-46,990,140,140,-140
150633,-27,-46,989,70,420,-210
150733,-26,-46,989,140,70,-140
150834,-27,-46,990,70,280,-140
150933,-27,-47,990,140,140,-140
151034,-27,-46,988,70,210,-140
151134,-27,-46,990,70,280,-70
151233,-27,-46,989,70,210,-140
151334,-27,-46,991,70,210,-140
151434,-27,-46,989,70,210,-140
151533,-26,-46,991,70,210,-140
151634,-27,-46,989,70,210,-210
151733,-27,-46,990,140,210,-140
151833,-26,-46,990,140,210,-140
151934,-27,-47,990,70,140,-140
152033,-27,-46,990,140,210,-140
152133,-27,-46,989,70,280,-210
152234,-27,-46,990,140,140,-140
152333,-26,-47,989,70,280,-140
152434,-27,-46,990,140,140,-140
152534,-26,-47,990,70,350,-140
152633,-26,-46,989,140,70,-140
152734,-26,-46,989,70,280,-140
152833,-27,-46,990,70,140,-140
152933,-26,-47,990,0,280,-140
153034,-28,-46,990,140,210,-210
153133,-27,-46,990,70,350,-140
153233,-27,-46,989,140,140,-140
153334,-27,-46,989,70,210,-210
153433,-27,-46,989,70,210,-210
153533,-26,-46,989,70,210,-210
153634,-26,-46,990,140,140,-140
153733,-26,-46,991,140,210,-210
153834,-27,-46,990,140,210,-140
153934,-27,-46,989,70,210,-210
154033,-26,-46,989,140,210,-140
154134,-27,-46,989,140,210,-210
154233,-26,-46,989,140,280,-140
154333,-27,-46,989,70,210,-140
154434,-27,-46,990,70,350,-210
154533,-27,-46,989,70,210,-140
154633,-26,-46,989,70,210,-210
154734,-27,-46,990,140,140,-140
154833,-26,-46,991,70,210,-140
154933,-27,-46,990,140,210,-140
155034,-27,-46,991,70,280,-140
155133,-26,-46,989,140,140,-140
155234,-26,-46,990,70,280,-140
155334,-26,-45,990,140,210,-140
155433,-27,-46,990,140,210,-70
155534,-26,-46,990,140,140,-140
155633,-27,-46,990,140,210,-210
155733,-27,-47,989,140,210,-140
155834,-26,-46,988,70,210,-140
155933,-27,-46,990,70,210,-140
156033,-27,-46,991,70,210,-140
156134,-27,-45,990,140,280,-140
156233,-27,-47,989,70,210,-140
156334,-26,-46,990,70,210,-140
156434,-27,-46,990,70,210,-140
156533,-27,-46,990,140,210,-140
156634,-27,-46,990,140,210,-140
156733,-27,-46,990,140,210,-210
156833,-26,-46,990,70,210,-140
156934,-26,-46,989,70,210,-140
157033,-26,-46,989,140,140,-140
157133,-27,-46,989,70,280,-140
157234,-27,-47,989,140,140,-140
157333,-26,-47,990,70,210,-140
157434,-26,-46,989,70,210,-140
157534,-26,-46,989,0,280,-140
157633,-27,-46,989,70,140,-140
157734,-27,-47,990,70,210,-140
157833,-27,-46,990,140,140,-140
157933,-27,-47,991,70,280,-140
158034,-27,-46,991,140,70,-210
158133,-27,-45,988,70,350,-140
158233,-27,-46,988,140,140,-140
158334,-26,-47,989,70,210,-210
158433,-27,-46,989,140,140,-140
158533,-27,-46,989,0,350,-140
158634,-27,-46,990,70,140,-140
158733,-26,-46,989,70,140,-210
158834,-27,-46,989,70,210,-140
158934,-26,-46,989,70,280,-140
159033,-27,-46,991,140,280,-140
159134,-27,-46,990,70,140,-140
159233,-27,-46,990,70,280,-140
159333,-26,-45,992,70,420,-140
159434,-27,-46,991,140,210,-140
159533,-27,-46,989,140,210,-140
159633,-27,-47,990,140,210,-210
159734,-27,-47,990,70,350,-140
159833,-26,-46,989,140,210,-140
159934,-27,-45,989,70,280,-140
160034,-26,-46,989,140,70,-140
